community,node_index,rank_in_community,x,y
0,85162,1,77.0625242,28.6199053
0,115297,2,77.0640491,28.6145345
0,24267,3,77.0783498,28.6095731
1,71228,1,77.1776102,28.6047892
1,70175,2,77.1754439,28.5917805
1,101818,3,77.180755,28.6019775
2,100179,1,77.161424,28.6616303
2,121519,2,77.1800726,28.6635346
2,121523,3,77.1705943,28.6661589
3,201,1,77.1009872,28.7041443
3,84378,2,77.1093541,28.7134555
3,67529,3,77.0924175,28.7008635
4,13265,1,77.2283274,28.5518409
4,86967,2,77.2297925,28.5532521
4,98142,3,77.2281581,28.5534047
5,68395,1,77.1091747,28.7738763
5,4075,2,77.0976112,28.7797165
5,98829,3,77.1333462,28.770948
6,40140,1,77.1767288,28.5776691
6,41690,2,77.1754589,28.5798727
6,122186,3,77.1724522,28.5850787
7,71036,1,77.2538272,28.6884027
7,96920,2,77.2538799,28.6669289
7,97548,3,77.2772751,28.68788
8,51937,1,77.1583906,28.6580491
8,23730,2,77.1597896,28.6608623
8,72400,3,77.1511868,28.6487791
9,52999,1,77.0925391,28.5260433
9,51697,2,77.0980582,28.5218078
9,122210,3,77.1047682,28.5308565
10,70398,1,77.1847168,28.495864
10,41124,2,77.1744998,28.5057323
10,41110,3,77.1754304,28.5075866
11,34686,1,77.2151796,28.6628207
11,64416,2,77.2466694,28.6461984
11,12719,3,77.2461256,28.6577601
12,73207,1,76.9936403,28.5543099
12,9575,2,77.0083565,28.5869965
12,111647,3,76.9954719,28.5847243
13,2470,1,77.1557485,28.5754328
13,64190,2,77.1587704,28.5384755
13,68326,3,77.1844335,28.5501585
14,117563,1,77.2047909,28.6987077
14,67860,2,77.1936835,28.7028124
14,88519,3,77.1876253,28.6961058
15,121599,1,77.0643458,28.6820054
15,121603,2,77.0750617,28.6816186
15,19974,3,77.0763773,28.6814645
16,117561,1,77.2154838,28.6947236
16,117562,2,77.2088393,28.6972352
16,84938,3,77.2219662,28.7027853
17,122177,1,77.1823358,28.5709299
17,10529,2,77.1871622,28.5699475
17,43873,3,77.1911238,28.5695425
18,11678,1,77.2861669,28.63216
18,11683,2,77.28609,28.6280947
18,11681,3,77.2860948,28.6274549
19,121602,1,77.0349151,28.6822639
19,48970,2,77.0179832,28.6901517
19,102849,3,77.0276317,28.6931647
20,84950,1,77.1744033,28.6881026
20,84960,2,77.1800663,28.6854242
20,84959,3,77.1744007,28.6878477
21,84116,1,77.1113274,28.7335259
21,102452,2,77.111906,28.7290301
21,116825,3,77.1115024,28.7368022
22,34732,1,77.2082006,28.6642132
22,34685,2,77.2121823,28.6629593
22,11382,3,77.2184447,28.6369448
23,113,1,77.125804,28.6021335
23,114,2,77.1253642,28.601248
23,115,3,77.1254978,28.6011942
24,11986,1,77.1534862,28.691873
24,88342,2,77.1445026,28.6889141
24,10638,3,77.1478617,28.6902024
25,22116,1,77.265508,28.5818187
25,1582,2,77.2880757,28.5731966
25,103899,3,77.2668052,28.5799148
26,90311,1,77.1403264,28.4714237
26,53903,2,77.1301241,28.4754428
26,90309,3,77.1355382,28.4726501
27,97600,1,77.3087136,28.6876442
27,6900,2,77.3082141,28.6901233
27,98216,3,77.3037171,28.6898191
28,37532,1,76.9856478,28.6114696
28,4595,2,76.9826354,28.6097401
28,96449,3,76.9799738,28.6133634
29,30653,1,77.1473989,28.6542973
29,72379,2,77.1440086,28.654834
29,90752,3,77.1372786,28.6431015
30,83597,1,77.0780088,28.6560602
30,144,2,77.0668705,28.6496337
30,21095,3,77.0576416,28.6469477
31,99883,1,77.1087788,28.6569849
31,111883,2,77.1253908,28.6503094
31,844,3,77.1526665,28.6548527
32,60320,1,76.9883761,28.7659186
32,61653,2,76.966032,28.774254
32,60326,3,76.9633169,28.7766162
33,31194,1,77.2631742,28.5834036
33,46602,2,77.2583805,28.5893624
33,5657,3,77.2601098,28.5854629
34,122048,1,77.1201236,28.676254
34,11989,2,77.1395564,28.6737539
34,11987,3,77.1366116,28.6740865
35,85480,1,77.2831668,28.6898393
35,11149,2,77.2731522,28.6717902
35,98809,3,77.2713558,28.6715693
36,6897,1,77.2921869,28.6892733
36,113930,2,77.2919306,28.6922658
36,87023,3,77.296078,28.7030913
37,173,1,77.1949591,28.6219712
38,24037,1,77.1895877,28.6337631
38,69654,2,77.1986581,28.631736
38,22870,3,77.1939341,28.6310321
39,91541,1,77.2785858,28.6503687
39,68699,2,77.2729442,28.6506763
39,100506,3,77.2685543,28.6495074
40,97661,1,77.2019167,28.5963289
40,98921,2,77.2127502,28.5909632
40,101882,3,77.2310527,28.6094695
41,15113,1,77.0358175,28.7315036
41,90296,2,77.0401111,28.7368146
41,82623,3,77.065365,28.7295604
42,7887,1,77.0958751,28.6862398
42,7886,2,77.0959303,28.6865584
42,7881,3,77.096343,28.6889668
43,109494,1,77.242904,28.5121983
43,94654,2,77.240853,28.4920613
43,109563,3,77.2476178,28.5029533
44,122099,1,77.1293275,28.541767
44,122221,2,77.1170937,28.539606
44,113849,3,77.1242955,28.5465473
45,90936,1,77.2823139,28.6715703
45,100915,2,77.2878649,28.6670085
45,95151,3,77.2843352,28.6706299
46,108804,1,77.0845392,28.8341147
46,11016,2,77.088908,28.8349254
46,68822,3,77.0969224,28.8372962
47,92748,1,77.08592,28.6503246
47,69217,2,77.0719102,28.6375164
47,83532,3,77.0883742,28.6533605
48,112324,1,77.1610376,28.4851774
48,102408,2,77.1727774,28.5040648
48,113219,3,77.1678695,28.4753026
49,94214,1,77.0226667,28.6375466
49,95912,2,77.0233352,28.6350343
49,9535,3,77.0201463,28.6453923
50,69621,1,77.07198,28.6912948
50,12930,2,77.0753023,28.7006386
50,102342,3,77.0717074,28.6908438
51,102353,1,77.0739969,28.741926
51,86289,2,77.048977,28.7409327
51,86288,3,77.0545067,28.7514271
52,329,1,77.0410344,28.7067059
52,119149,2,77.0619857,28.7123375
52,50179,3,77.0529593,28.6972873
53,82626,1,77.0741459,28.7157732
53,96965,2,77.0853014,28.7056048
53,119147,3,77.0635222,28.7111469
54,57525,1,76.9608225,28.6195505
54,113327,2,76.9248866,28.6019565
54,113223,3,76.9221126,28.6012276
55,26778,1,77.3033489,28.7051355
55,7755,2,77.3086299,28.7056014
55,70294,3,77.3123785,28.7041166
56,82147,1,77.2996749,28.4995608
56,82148,2,77.3021017,28.4982178
56,52977,3,77.3011643,28.5001986
57,27307,1,77.0181553,28.6169101
57,10718,2,76.9927591,28.6125918
57,101995,3,77.0138103,28.618466
58,84958,1,77.1727786,28.6938769
58,100033,2,77.1628904,28.7012481
58,83875,3,77.1561704,28.6977645
59,82990,1,77.0958464,28.6576119
59,91809,2,77.1051126,28.6487712
59,103691,3,77.0974599,28.6461436
60,96895,1,77.0822841,28.6047419
60,97150,2,77.0790248,28.607923
60,90748,3,77.094444,28.5927063
61,120914,1,77.3053801,28.6504268
61,100076,2,77.3092886,28.6600155
61,11759,3,77.3036065,28.6584777
62,85046,1,77.0462493,28.6203445
62,10383,2,77.0479403,28.6503006
62,95931,3,77.0251369,28.635283
63,68867,1,77.254797,28.6005481
63,10853,2,77.255891,28.5970424
63,99522,3,77.2571355,28.5929169
64,93004,1,77.3220452,28.6137929
64,36509,2,77.3220671,28.6137753
64,57115,3,77.3116384,28.603629
65,97539,1,77.2400253,28.6917686
65,70676,2,77.2695486,28.7029336
65,118844,3,77.2411341,28.7090948
66,42925,1,77.1934428,28.5224983
66,10741,2,77.204186,28.5201283
66,32148,3,77.1987751,28.5217507
67,84643,1,77.141777,28.6069922
67,10755,2,77.1422517,28.6068069
67,5284,3,77.13652,28.620298
68,111626,1,77.0586451,28.5764959
68,67331,2,77.0414013,28.5881642
68,92279,3,77.0902019,28.5827572
69,68330,1,77.0762513,28.557715
69,11574,2,77.075463,28.541941
69,85548,3,77.0395173,28.560332
70,67905,1,77.2495174,28.6171328
70,122255,2,77.228316,28.6345507
70,11377,3,77.2198833,28.6357191
71,459,1,77.1133382,28.8228781
71,96640,2,77.1135154,28.8232604
71,96633,3,77.1119441,28.8237827
72,43124,1,77.0978787,28.5790916
72,60262,2,77.1218938,28.5707297
72,67926,3,77.1262713,28.5683448
73,90778,1,77.218808,28.5553934
73,36026,2,77.209492,28.5570426
73,13211,3,77.2284034,28.5494664
74,38333,1,76.9754191,28.6760398
74,67505,2,76.9765872,28.6868223
74,70270,3,76.9727159,28.6203727
75,1250,1,77.0789869,28.6080172
75,1261,2,77.085681,28.6121315
75,545,3,77.0989416,28.6091248
76,70426,1,77.1275431,28.706617
76,102351,2,77.1052574,28.7225449
76,12940,3,77.108063,28.7201136
77,68442,1,77.2466354,28.7344364
77,18148,2,77.2473818,28.7184847
77,10115,3,77.2511349,28.7439338
78,559,1,77.1661484,28.6561424
79,70789,1,77.2680015,28.5561615
79,70791,2,77.266776,28.5557398
79,70788,3,77.2567259,28.5620203
80,906,1,77.1411978,28.5354327
80,2471,2,77.1699402,28.510349
80,81290,3,77.149496,28.5307002
81,100043,1,77.1768801,28.712448
81,117353,2,77.1745692,28.7199233
81,100019,3,77.1819912,28.7172403
82,90414,1,77.1683877,28.718798
82,11945,2,77.1581533,28.7318632
82,67012,3,77.1561085,28.7344911
83,586,1,77.2375782,28.5710845
83,588,2,77.2378169,28.570995
83,589,3,77.2376284,28.5712602
84,590,1,77.2425847,28.5692065
84,591,2,77.2431034,28.5689917
84,594,3,77.2423016,28.568685
85,596,1,77.2391794,28.570161
86,99999,1,77.2761215,28.7220128
86,1068,2,77.2811964,28.7121505
86,616,3,77.285945,28.7095899
87,121345,1,77.0181426,28.6131088
87,25109,2,77.017753,28.6133681
87,70626,3,77.0333826,28.6131123
88,86824,1,77.1116241,28.6177307
88,85412,2,77.1280978,28.6350162
88,39150,3,77.1295162,28.6371515
89,99855,1,77.1945997,28.7582866
89,99827,2,77.1796765,28.7790041
89,119117,3,77.2062731,28.7477912
90,55512,1,77.1146104,28.7448829
90,95253,2,77.0963562,28.7464279
90,99842,3,77.1218041,28.7434973
91,668,1,77.2164985,28.6276443
91,669,2,77.2164991,28.6275189
91,671,3,77.2165588,28.6277296
92,1583,1,77.304679,28.5313586
92,1530,2,77.3040051,28.5353261
92,1540,3,77.3157822,28.5033523
93,84951,1,77.0875577,28.6801857
93,83514,2,77.0949115,28.679386
93,11999,3,77.0933229,28.6714601
94,98851,1,77.1598606,28.7722893
94,98846,2,77.1497074,28.7724299
94,98852,3,77.1497577,28.7724278
95,104329,1,77.066889,28.7761375
95,54919,2,77.0720871,28.7864837
95,96826,3,77.0942368,28.7569522
96,1045,1,77.0402326,28.6556142
96,80877,2,77.0411921,28.6531204
96,28893,3,77.0411294,28.6518018
97,69070,1,77.2317423,28.579642
97,70757,2,77.2091199,28.5727166
97,69069,3,77.2150674,28.5736617
98,94665,1,77.2643368,28.5094574
98,113776,2,77.281011,28.5151847
98,40671,3,77.2604144,28.506457
99,70898,1,77.1969818,28.6672397
99,23736,2,77.1888094,28.6770355
99,84926,3,77.1851142,28.6808905
100,95964,1,77.281008,28.5918877
100,122052,2,77.2727928,28.592809
100,11060,3,77.2967202,28.5887258
101,120218,1,77.021242,28.7783545
101,111760,2,77.0304228,28.7972574
101,111747,3,77.0293305,28.7919548
102,120227,1,77.1417428,28.4909137
102,97444,2,77.1027635,28.5173434
102,112683,3,77.1108612,28.5159747
103,61659,1,77.2286053,28.7215395
103,120611,2,77.2208807,28.7433288
103,44067,3,77.2289461,28.7151302
104,113161,1,77.1864518,28.465435
104,113738,2,77.2321486,28.4831252
104,89791,3,77.1992245,28.4599226
105,927,1,77.2421464,28.5819856
105,931,2,77.241989,28.5820338
105,932,3,77.2421976,28.5821521
106,949,1,76.9362603,28.573868
106,81086,2,76.9374394,28.5709032
106,950,3,76.9365149,28.5746838
107,94560,1,77.3188647,28.6214629
107,36475,2,77.3159896,28.6110509
107,69457,3,77.3147481,28.6143107
108,83584,1,77.1818401,28.7579899
108,23327,2,77.1794552,28.7576843
108,95969,3,77.1845865,28.7545036
109,13436,1,77.2116281,28.7254833
109,3570,2,77.197527,28.7385259
109,17732,3,77.1983808,28.7299933
110,40507,1,77.1478937,28.4974659
110,38532,2,77.1477602,28.4978396
110,1039,3,77.1482315,28.4971534
111,1046,1,77.2164368,28.6266784
112,117976,1,77.2529253,28.53938
112,1054,2,77.23346,28.5334535
112,30511,3,77.2344008,28.5397817
113,31240,1,77.2380652,28.5697579
113,83736,2,77.2376729,28.5697102
113,37271,3,77.2374917,28.5697811
114,118332,1,77.2191627,28.6323641
114,1072,2,77.2192717,28.6325592
114,81748,3,77.2191531,28.6323418
115,85675,1,77.1963597,28.5335754
115,31466,2,77.2193924,28.5303848
115,72897,3,77.2066928,28.5337685
116,10763,1,77.2206415,28.7204451
116,11889,2,77.2176855,28.7217754
116,63294,3,77.2170188,28.7222072
117,121668,1,77.0833368,28.796321
117,121681,2,77.0866055,28.7967597
117,121665,3,77.0939149,28.7960449
118,11017,1,77.1125482,28.8416316
118,109820,2,77.1272091,28.8447952
118,22720,3,77.1322417,28.8434144
119,47980,1,77.186371,28.6364822
119,1492,2,77.1883458,28.6392845
119,92107,3,77.182822,28.639925
120,111735,1,77.0399316,28.7887248
120,119993,2,77.0391174,28.7902538
120,34771,3,77.0604173,28.7860498
121,20578,1,77.0730466,28.8087243
121,119681,2,77.0637813,28.8157507
121,11024,3,77.0598863,28.8168519
122,11958,1,77.1342066,28.707458
122,118971,2,77.1383379,28.7061402
122,116817,3,77.1447536,28.708932
123,119772,1,77.0678215,28.6257023
123,94627,2,77.0967321,28.6232667
123,1300,3,77.0856496,28.6264143
124,1308,1,77.1850339,28.6599467
124,46743,2,77.1888322,28.6584125
124,48850,3,77.1870446,28.6585152
125,111450,1,77.250976,28.547176
125,113485,2,77.250758,28.5467941
125,111454,3,77.250758,28.5467941
126,11280,1,77.2911435,28.5380083
126,37445,2,77.299723,28.5416492
126,81984,3,77.2993236,28.5414782
127,1448,1,77.240235,28.5695102
128,1451,1,77.2429267,28.568218
129,1535,1,77.3166404,28.4941078
129,1526,2,77.3167388,28.4927417
129,1527,3,77.3168901,28.4914262
130,1529,1,77.3251946,28.5097521
130,107688,2,77.3190898,28.5084161
130,97151,3,77.3253733,28.5025868
131,100087,1,77.3079448,28.6360513
131,111214,2,77.3013637,28.6412763
131,111223,3,77.302076,28.6403394
132,4082,1,77.0564407,28.6910209
132,20368,2,77.0571211,28.6871556
132,1708,3,77.0592391,28.689651
133,92051,1,77.0288714,28.5963354
133,46983,2,77.0224504,28.6006712
133,10044,3,77.0227844,28.6012927
134,1885,1,77.0262115,28.6301163
134,1886,2,77.0258438,28.6301211
134,29421,3,77.0258571,28.6293876
135,40787,1,77.0879366,28.5757737
135,64025,2,77.0978188,28.5755279
135,2067,3,77.0933138,28.5741579
136,98655,1,77.0279279,28.7141564
136,3819,2,77.0261602,28.7331489
136,95907,3,77.0268884,28.7277394
137,92749,1,77.0808117,28.6339063
137,29829,2,77.0827429,28.6316812
137,92723,3,77.0820737,28.6316664
138,2670,1,77.0766869,28.8329794
138,2587,2,77.076978,28.842916
138,3085,3,77.0658309,28.8522807
139,2833,1,77.0235996,28.5793208
139,41343,2,77.0341552,28.5774217
139,94964,3,77.0103041,28.5752715
140,3552,1,77.2968069,28.6184059
140,3553,2,77.2970329,28.6181718
141,3585,1,77.1840128,28.7266386
141,3586,2,77.1836533,28.7273805
142,3651,1,77.0796636,28.7189285
142,16099,2,77.0798619,28.7188029
142,82232,3,77.0794463,28.7190622
143,27825,1,77.2787694,28.6150502
143,27836,2,77.2779688,28.6153152
143,22215,3,77.2761112,28.6126306
144,11829,1,77.1304196,28.7448196
144,12037,2,77.1401492,28.742798
144,88638,3,77.1283512,28.7442767
145,65180,1,77.1769756,28.542772
145,87340,2,77.1812249,28.5427647
145,42751,3,77.1715727,28.5391829
146,4917,1,76.9920297,28.5811458
146,67232,2,76.9917316,28.5813327
146,47510,3,76.9917735,28.5811088
147,18979,1,76.999857,28.7303316
147,95926,2,76.9878543,28.7222746
147,5420,3,76.9637903,28.7165834
148,108729,1,77.012427,28.7464067
148,39258,2,77.01004,28.7089517
148,118498,3,77.0043139,28.720749
149,121819,1,77.1644421,28.682794
149,27207,2,77.1631281,28.6735147
149,88171,3,77.1559097,28.6739194
150,5445,1,76.991381,28.7362752
150,49920,2,76.9906195,28.7353051
150,51760,3,76.9887577,28.7353803
151,5455,1,77.001905,28.7375843
152,34582,1,77.2788593,28.6170549
152,27833,2,77.2790549,28.6167206
152,46066,3,77.279031,28.616398
153,38688,1,77.2820683,28.630655
153,5860,2,77.282387,28.631054
153,55932,3,77.2820581,28.6303856
154,95563,1,77.2804639,28.6281721
154,56190,2,77.2811417,28.6283628
154,111969,3,77.2809867,28.6286515
155,5983,1,77.2967939,28.5047136
155,5984,2,77.2967501,28.5048487
155,5985,3,77.2964619,28.5047742
156,23090,1,77.1922896,28.6479575
156,60222,2,77.1925144,28.6478558
156,85358,3,77.1914542,28.6465114
157,22391,1,77.2908734,28.551419
157,22390,2,77.2918718,28.5518493
157,34034,3,77.2915385,28.5513922
158,6543,1,77.2103111,28.5617476
158,22350,2,77.2103603,28.56182
158,35693,3,77.2092336,28.5607041
159,6676,1,77.2303634,28.5827321
159,6677,2,77.23057,28.5819062
159,30688,3,77.230632,28.5823648
160,44358,1,77.169428,28.5124605
160,81298,2,77.1691923,28.5123432
160,44363,3,77.1690515,28.5123761
161,6953,1,77.1766827,28.4964734
161,41129,2,77.1765123,28.4975933
161,54610,3,77.1768377,28.4982343
162,6986,1,77.1521362,28.6712808
162,7009,2,77.152737,28.6715299
162,47290,3,77.1532994,28.6713559
163,7077,1,77.1241911,28.6033823
163,41720,2,77.1248724,28.6031351
163,24246,3,77.1255554,28.6029478
164,121946,1,77.1800909,28.6231998
164,10828,2,77.1584006,28.6229604
164,51808,3,77.1737437,28.6334908
165,112760,1,77.2299191,28.5456481
165,75110,2,77.2317403,28.5417447
165,35465,3,77.2320861,28.539318
166,70769,1,77.2874948,28.502191
166,91793,2,77.2994686,28.4994548
166,69737,3,77.2798181,28.5038282
167,7561,1,77.0977322,28.8697723
167,73966,2,77.098664,28.8705635
167,7560,3,77.0975461,28.8706962
168,91909,1,77.304415,28.5399128
168,13908,2,77.3050258,28.5404245
168,7838,3,77.3048866,28.5408104
169,7863,1,77.1997925,28.5913011
169,40891,2,77.2009023,28.5912918
169,91058,3,77.2012235,28.5900315
170,93016,1,77.1982791,28.5963305
170,97664,2,77.1980068,28.5957697
170,97665,3,77.1972196,28.5955666
171,7935,1,77.2800023,28.499314
171,39966,2,77.2800494,28.4993076
172,95183,1,77.1769967,28.7454598
172,27362,2,77.1817741,28.7436498
172,20790,3,77.1906878,28.736425
173,52126,1,77.1508616,28.6140513
173,75394,2,77.1508556,28.613621
173,8478,3,77.1499272,28.6137425
174,95193,1,77.1773173,28.805197
174,95186,2,77.1782362,28.8287022
174,95973,3,77.1448362,28.8382584
175,9011,1,77.317381,28.4975878
175,45530,2,77.3171055,28.4973638
175,76673,3,77.3171967,28.4972931
176,105730,1,77.2305701,28.5592189
176,105514,2,77.2256884,28.5584595
176,105437,3,77.2289258,28.558403
177,9451,1,77.1910757,28.5606934
178,9472,1,77.1929746,28.6950617
178,9816,2,77.1930934,28.6952904
179,41834,1,77.1418576,28.5774814
179,74940,2,77.14139,28.5795541
179,41094,3,77.1412983,28.5794508
180,48110,1,77.1183989,28.7091796
180,17590,2,77.1182353,28.7090031
180,44435,3,77.1183989,28.7091796
181,9968,1,77.1326209,28.8358118
181,67754,2,77.132645,28.8367346
181,9966,3,77.1315667,28.835832
182,10215,1,77.2309497,28.783105
182,63517,2,77.2316849,28.7832757
182,10077,3,77.2319825,28.7849139
183,10279,1,77.123026,28.7201692
183,10280,2,77.1232614,28.7199921
183,10281,3,77.1233457,28.7202924
184,10390,1,77.1539967,28.6610758
184,10391,2,77.1569581,28.6627579
184,47179,3,77.1573683,28.6623437
185,10474,1,77.2967382,28.5039089
185,22460,2,77.2970285,28.5039711
185,51670,3,77.2967382,28.5039089
186,27595,1,77.2496265,28.6407277
186,64457,2,77.2495648,28.6404004
186,10826,3,77.2492939,28.6406406
187,10848,1,77.25339,28.5480243
188,38094,1,76.9361094,28.6674691
188,66735,2,76.9365343,28.6674125
188,10961,3,76.9358698,28.6674979
189,11065,1,77.0661461,28.6567911
189,11066,2,77.0661735,28.657325
189,11067,3,77.0661735,28.657325
190,26988,1,77.2250761,28.6174732
190,26974,2,77.2250679,28.6168035
190,48408,3,77.2248285,28.6178179
191,11336,1,77.2107173,28.5411201
192,25512,1,77.2135475,28.6071233
192,11363,2,77.2129715,28.6076886
192,11366,3,77.2131555,28.6070031
193,11369,1,77.2127114,28.6091521
194,104157,1,77.2101067,28.5878942
194,11470,2,77.2118287,28.5893133
194,44892,3,77.2104878,28.5905562
195,12204,1,77.2939172,28.5987396
195,22172,2,77.293767,28.5986195
195,36775,3,77.2936175,28.5986713
196,65162,1,77.2956275,28.5926643
196,13948,2,77.2961965,28.5925932
196,12404,3,77.2957133,28.5925004
197,113494,1,77.2950471,28.6147615
197,71735,2,77.2950625,28.6146738
197,113496,3,77.2948064,28.615143
198,91910,1,77.3022931,28.5412998
198,12484,2,77.3064887,28.5433658
198,91915,3,77.3061646,28.542162
199,57116,1,77.3060025,28.5883798
199,12562,2,77.3056539,28.5870174
199,34573,3,77.3060025,28.5883798
200,27478,1,77.2459623,28.6531149
200,27479,2,77.246311,28.6529555
200,27475,3,77.2459691,28.6529443
201,58828,1,77.1228781,28.7352841
201,69823,2,77.1210038,28.7343942
201,88304,3,77.1229775,28.7358129
202,12798,1,77.3127955,28.5091582
203,12866,1,77.1866626,28.6395604
203,22832,2,77.1873838,28.6398223
203,23811,3,77.187207,28.6395562
204,12957,1,77.1238705,28.7370274
204,69513,2,77.1238705,28.7370274
204,69606,3,77.1236804,28.7367262
205,13016,1,77.1274067,28.7253001
205,55478,2,77.1269818,28.7250168
205,59771,3,77.1264353,28.7251398
206,118785,1,77.135284,28.722162
206,13026,2,77.1347781,28.7228269
206,36829,3,77.1350109,28.7226568
207,13238,1,77.1964256,28.5439583
207,82161,2,77.1959838,28.5441185
207,95599,3,77.1954931,28.5443132
208,13448,1,77.2115997,28.6306054
208,50237,2,77.2115716,28.6308304
208,51818,3,77.2114527,28.6305926
209,13676,1,77.30286,28.6879701
209,39190,2,77.3038111,28.6881759
209,27104,3,77.3033896,28.6886538
210,27156,1,77.1566602,28.6861475
210,101215,2,77.1566602,28.6861475
210,101213,3,77.156883,28.6859428
211,119884,1,77.2511536,28.5492209
211,30150,2,77.2511418,28.5492164
211,30151,3,77.2512102,28.5491066
212,14026,1,77.3189381,28.6604302
212,34401,2,77.3185782,28.6607632
212,34826,3,77.3185086,28.6607208
213,14292,1,77.1528813,28.6963909
213,14448,2,77.1533588,28.6955239
213,76012,3,77.1521538,28.6955239
214,27211,1,77.1567742,28.6802383
214,30324,2,77.156626,28.6806309
214,14482,3,77.1570146,28.6803852
215,14796,1,77.2121448,28.6420267
216,46898,1,77.1125686,28.7060929
216,49518,2,77.1123371,28.7058318
216,76811,3,77.1132418,28.705736
217,70957,1,77.2926455,28.6731006
217,18795,2,77.2926455,28.6731006
217,70956,3,77.2928243,28.6728898
218,16884,1,77.3004529,28.6573105
218,81713,2,77.3007442,28.6579222
219,16949,1,77.1104076,28.8222422
219,16965,2,77.1092976,28.8222984
219,27449,3,77.1108752,28.8233386
220,17367,1,77.2142728,28.6691764
221,17431,1,77.1753297,28.6754059
221,23764,2,77.17509,28.675328
222,44709,1,77.1770738,28.70646
222,44708,2,77.177392,28.705745
222,50052,3,77.1767662,28.7060962
223,94148,1,77.2968063,28.6571904
223,94149,2,77.2960094,28.6565572
223,18316,3,77.2958462,28.6570125
224,19021,1,76.9975846,28.7363354
225,20619,1,77.150613,28.8066767
226,22101,1,77.3032438,28.5431962
227,22159,1,77.3025066,28.5891747
228,46002,1,77.2955536,28.5960759
228,22176,2,77.2964899,28.595958
228,45989,3,77.2962167,28.5960125
229,22442,1,77.2496232,28.5887176
230,22761,1,77.2105956,28.6185517
230,87673,2,77.2109658,28.618384
230,87674,3,77.2107126,28.6189105
231,22845,1,77.2196505,28.628356
231,27014,2,77.219576,28.6271513
231,27056,3,77.2196405,28.6281693
232,22847,1,77.2204309,28.634744
233,38828,1,77.2179294,28.6329131
233,23111,2,77.2179884,28.6327207
233,33441,3,77.2180101,28.633064
234,24541,1,77.1487311,28.6747517
234,30282,2,77.1487765,28.6750144
234,47317,3,77.1500575,28.6739157
235,24841,1,77.231285,28.6128353
236,25247,1,77.1089191,28.6260625
236,25248,2,77.1092617,28.626052
236,25249,3,77.1088878,28.626377
237,41267,1,77.1447368,28.6115592
237,25309,2,77.1456005,28.6121185
237,75777,3,77.1449187,28.6132577
238,68190,1,77.3392257,28.6039471
238,68191,2,77.3402129,28.608691
238,25440,3,77.3407422,28.610593
239,88178,1,77.250804,28.5996211
239,41225,2,77.2414122,28.6082551
239,35258,3,77.2423539,28.6089253
240,26431,1,77.289696,28.6040979
240,25449,2,77.2897352,28.6040219
240,65151,3,77.289808,28.6038807
241,25507,1,77.2125757,28.6110188
242,26404,1,77.2910417,28.6156025
242,68676,2,77.2910413,28.615533
242,84300,3,77.2909965,28.6155332
243,96953,1,77.2379017,28.6498179
243,96954,2,77.2376533,28.6501532
243,26523,3,77.2376533,28.6501532
244,26636,1,77.1579971,28.6866392
244,26637,2,77.1579971,28.6866392
244,46581,3,77.1588023,28.6862278
245,26642,1,77.1608422,28.6850969
245,83904,2,77.1613406,28.6829944
245,101285,3,77.1617748,28.6832132
246,26646,1,77.1574792,28.6837971
246,57668,2,77.1582518,28.6834027
246,26647,3,77.1584611,28.6836517
247,48450,1,77.2367811,28.6284832
247,27054,2,77.2368259,28.6288199
247,45679,3,77.2371688,28.6286292
248,27447,1,77.0989038,28.815636
249,119885,1,77.2506081,28.5492407
249,119886,2,77.2507537,28.5496747
249,30000,3,77.2507415,28.54967
250,75003,1,77.2567795,28.5502013
250,30114,2,77.2567795,28.5502013
250,71742,3,77.2568059,28.5501764
251,104713,1,77.2457439,28.5532912
251,104734,2,77.2462315,28.5527207
251,30126,3,77.2452807,28.5537501
252,30141,1,77.251398,28.5481505
253,30169,1,77.2385174,28.5735078
254,118968,1,77.2407524,28.601413
254,115912,2,77.2416046,28.6020273
254,115897,3,77.2412942,28.6000977
255,31156,1,77.2539431,28.5895685
255,74955,2,77.2544095,28.5897469
255,83777,3,77.2539544,28.5892859
256,31225,1,77.2398363,28.5703209
256,88498,2,77.2395865,28.5704079
257,31756,1,77.3256223,28.7125885
257,63271,2,77.3260434,28.711664
257,36014,3,77.3245212,28.71115
258,32543,1,77.1964293,28.5735401
258,32544,2,77.1968595,28.5735511
258,43865,3,77.1961764,28.5732229
259,32567,1,77.2100396,28.5753885
260,33253,1,77.1461701,28.6731695
260,68335,2,77.1463674,28.6733744
260,68336,3,77.1464624,28.6730525
261,87436,1,77.1391159,28.7408338
261,87428,2,77.1385154,28.7412486
261,87437,3,77.1394345,28.7412808
262,33644,1,77.2092269,28.6352017
263,86447,1,77.2473687,28.5536703
263,86450,2,77.247497,28.5533416
263,86448,3,77.2470054,28.5542285
264,35430,1,77.2282686,28.5206849
265,35448,1,77.2266352,28.5166775
266,35993,1,77.2770078,28.6140048
267,36173,1,77.2673198,28.5067327
268,36396,1,77.341852,28.611891
269,88308,1,77.1253611,28.7374342
269,62546,2,77.1247961,28.7374467
269,88309,3,77.1246816,28.7379149
270,37668,1,76.9854662,28.582884
271,37785,1,77.1064629,28.7204245
271,37786,2,77.1061861,28.7205379
271,37782,3,77.1058357,28.7210021
272,74091,1,76.9765007,28.5691652
272,38154,2,76.9771097,28.569437
272,59096,3,76.977341,28.5703175
273,53593,1,77.1737385,28.4060669
273,54011,2,77.1742028,28.4049806
273,54247,3,77.1746635,28.4052584
274,40406,1,77.1205103,28.5971181
274,116758,2,77.1193568,28.5966768
274,40407,3,77.1196511,28.5972205
275,40253,1,77.1170912,28.5958749
275,72120,2,77.1178181,28.596135
275,40252,3,77.1174507,28.5966225
276,110190,1,77.1188791,28.6020648
276,110193,2,77.1175405,28.599146
276,110189,3,77.1162192,28.6013588
277,41053,1,77.1423243,28.5647377
277,80846,2,77.1432337,28.5627164
277,87854,3,77.1445512,28.5640788
278,41371,1,77.2014658,28.5932314
278,41707,2,77.2030643,28.5950139
279,91636,1,77.213924,28.6119295
279,118935,2,77.2164462,28.6118412
279,41504,3,77.2163531,28.6105204
280,76416,1,77.1213529,28.5619809
280,41674,2,77.1206835,28.5620374
280,41675,3,77.1211079,28.5617873
281,42588,1,77.0848981,28.589262
281,43155,2,77.0855062,28.5891412
281,67163,3,77.0855349,28.5891661
282,44735,1,77.1974877,28.5563083
282,68531,2,77.1987278,28.5573357
282,42876,3,77.1971224,28.5568357
283,86253,1,77.1855608,28.5241704
283,86251,2,77.1856631,28.5237889
283,86252,3,77.1857644,28.5237857
284,43497,1,77.1784399,28.5117969
284,43496,2,77.1786079,28.5123763
284,63002,3,77.1787155,28.5113895
285,43539,1,77.1707842,28.5028635
285,43540,2,77.1704128,28.5027994
285,43542,3,77.1702977,28.5015354
286,44447,1,77.1653035,28.702888
287,94261,1,77.2136146,28.5774138
287,104052,2,77.2130702,28.5762755
287,104044,3,77.2129456,28.5773658
288,45324,1,77.1962245,28.5157463
289,45867,1,77.0375415,28.6099501
290,46262,1,77.2225515,28.6614531
290,68102,2,77.2225515,28.6614531
291,46608,1,77.2505746,28.5957489
292,47951,1,77.141348,28.6114034
293,48461,1,77.2187814,28.5854937
294,48762,1,77.2159938,28.6712399
295,50915,1,77.2224655,28.6909341
295,72199,2,77.2231431,28.6915076
296,53631,1,77.2852056,28.4957823
296,62076,2,77.2854646,28.4956321
297,54779,1,77.1129861,28.7134742
297,90458,2,77.1140566,28.7119969
298,56669,1,77.1992358,28.6298199
299,57989,1,77.1349459,28.7241852
299,102205,2,77.1354432,28.7237849
299,57988,3,77.1357246,28.7236235
300,60584,1,77.1175822,28.7532715
301,61883,1,77.101346,28.8206984
302,62531,1,77.2213452,28.7108307
303,64195,1,77.1748064,28.5584408
304,64317,1,77.2453893,28.5376921
305,65063,1,77.2861907,28.7115082
306,65163,1,77.2985729,28.6137802
306,68668,2,77.2982678,28.6132098
306,68669,3,77.3042706,28.6133535
307,65188,1,77.1858243,28.5262531
307,82176,2,77.1847662,28.526135
308,65533,1,77.1757059,28.5595024
309,66232,1,77.2855562,28.7220011
310,66397,1,77.3225344,28.7116613
310,97595,2,77.3218416,28.712325
311,67729,1,77.2652575,28.5595524
312,67817,1,77.2054249,28.5925013
312,67805,2,77.2058884,28.5947107
312,67796,3,77.2064701,28.5944368
313,68162,1,77.2073219,28.6396475
313,68163,2,77.2074382,28.6391045
313,99508,3,77.2073199,28.6384752
314,68165,1,77.2334199,28.6127568
315,68212,1,77.1338161,28.6991886
315,68213,2,77.1331823,28.699286
315,68214,3,77.1342794,28.6992891
316,68617,1,77.2502053,28.5355031
316,68623,2,77.2512829,28.5361351
316,68624,3,77.2526125,28.5364992
317,68687,1,77.1356242,28.6665177
318,69421,1,77.1413029,28.5322001
318,69423,2,77.1414987,28.5322822
319,69625,1,77.1229916,28.7373098
320,69626,1,77.1233298,28.7375304
321,69728,1,77.1350918,28.7309928
321,69729,2,77.1349578,28.7311981
322,69852,1,77.1349381,28.7238026
322,69828,2,77.1343552,28.7239648
322,69838,3,77.1338851,28.724549
323,69850,1,77.133303,28.7230609
323,69849,2,77.1331161,28.7234789
323,69837,3,77.1332813,28.7230906
324,69840,1,77.1327494,28.7251579
324,69847,2,77.1323228,28.7249962
324,69839,3,77.1325723,28.7252763
325,84217,1,77.1372512,28.7193691
325,84215,2,77.1373355,28.7201083
325,69906,3,77.13683,28.7205155
326,71158,1,77.0408897,28.5541319
327,71159,1,77.0373237,28.5511845
327,71164,2,77.0391167,28.5493521
328,71201,1,77.3058597,28.6309914
329,71333,1,77.0633533,28.5590275
330,72335,1,77.1991483,28.5104257
331,72588,1,77.2942118,28.6293533
332,72859,1,77.2562267,28.591321
332,97211,2,77.2564528,28.5910451
332,97215,3,77.2563058,28.592112
333,72867,1,77.2563969,28.5915644
334,74052,1,77.269653,28.55215
334,74077,2,77.269653,28.55215
335,75707,1,77.1196044,28.7375687
335,75703,2,77.1196613,28.7372709
335,75704,3,77.1193987,28.7377151
336,83265,1,77.1047711,28.7144708
336,75932,2,77.1048208,28.7145272
336,83261,3,77.105725,28.7155483
337,87189,1,77.112565,28.6780389
337,87191,2,77.111983,28.6799191
337,75985,3,77.1137345,28.679432
338,76026,1,77.1514062,28.6909512
338,101120,2,77.1510907,28.6910612
338,101121,3,77.1510559,28.6909682
339,76498,1,77.2114588,28.6312642
340,76768,1,77.1208232,28.7382085
340,76774,2,77.1206248,28.7383478
341,97165,1,77.2507067,28.6699363
341,97166,2,77.251163,28.6699127
341,97167,3,77.2511104,28.6696829
342,76884,1,77.1113681,28.73211
343,78327,1,77.0539274,28.681796
344,79109,1,77.072564,28.6531008
345,80657,1,77.1054545,28.7107589
345,80692,2,77.1054508,28.7112942
345,80644,3,77.105835,28.7098259
346,87192,1,77.1176451,28.6791613
346,81421,2,77.1176317,28.6779612
346,87193,3,77.1162987,28.6805685
347,84216,1,77.1340125,28.7236806
348,84289,1,77.2392241,28.5719098
349,84345,1,77.1071859,28.7132579
350,84396,1,77.1056088,28.7133565
350,84440,2,77.1061624,28.7139789
351,84408,1,77.1879723,28.6535433
352,84534,1,77.1079199,28.7159376
352,84535,2,77.1076433,28.7161315
352,84536,3,77.1076646,28.7161555
353,84564,1,77.2445221,28.565801
354,84743,1,77.1751795,28.6728374
355,84771,1,77.0704561,28.6252464
355,84763,2,77.0708261,28.6256711
355,84772,3,77.0691254,28.6250038
356,84825,1,77.258508,28.5753166
357,84841,1,77.2083719,28.6890557
357,84840,2,77.2077201,28.6892957
357,84842,3,77.2094555,28.6886581
358,86018,1,77.2443152,28.5788839
358,86020,2,77.2441367,28.5792233
359,96387,1,77.1635126,28.5935913
359,86365,2,77.1630898,28.5948962
359,89096,3,77.1639036,28.593592
360,86934,1,77.1151496,28.7093066
361,86945,1,77.1139833,28.7092525
362,86956,1,77.11707,28.7079384
363,87299,1,77.2686553,28.5286933
364,87479,1,77.097941,28.7537246
364,87480,2,77.0961665,28.7525663
364,87481,3,77.0964316,28.7542154
365,88556,1,77.2296156,28.6195455
366,88743,1,77.2028395,28.6777113
367,89063,1,77.2991213,28.5331251
367,89067,2,77.2992363,28.5334319
368,115942,1,77.2380784,28.5920277
368,115932,2,77.2380784,28.5920277
368,115944,3,77.2380844,28.5918016
369,90960,1,77.1521988,28.5278621
370,91629,1,77.0487043,28.5273868
370,112910,2,77.0462567,28.5263121
370,112912,3,77.0491306,28.529285
371,92137,1,77.0954724,28.6392838
372,92486,1,77.202784,28.5268937
372,99513,2,77.2051422,28.5266384
372,109598,3,77.2035341,28.5260724
373,92824,1,77.2404054,28.6060106
374,107785,1,77.33196,28.5107761
374,97558,2,77.3189481,28.5200852
374,107743,3,77.3190921,28.5156213
375,93466,1,77.2406972,28.5718517
375,93477,2,77.2406972,28.5718517
375,93479,3,77.2407143,28.5718434
376,93467,1,77.2403421,28.5709085
376,93472,2,77.2403421,28.5709085
376,96429,3,77.2403306,28.5709135
377,93468,1,77.2399427,28.5704032
377,93469,2,77.2399256,28.5704115
377,93474,3,77.2399256,28.5704115
378,93470,1,77.2400543,28.5703518
378,93478,2,77.2400543,28.5703518
378,96416,3,77.2400358,28.5703604
379,93471,1,77.2402295,28.5709608
379,93481,2,77.2402124,28.5709691
379,96428,3,77.2402124,28.5709691
380,93473,1,77.2394934,28.569571
380,93475,2,77.2394763,28.5695793
380,93480,3,77.2394763,28.5695793
381,93576,1,77.2960448,28.5310558
381,105642,2,77.2959871,28.5316846
381,105656,3,77.2964528,28.5319545
382,104705,1,77.1210188,28.641665
382,104727,2,77.1202386,28.6428174
382,104704,3,77.1198472,28.6414923
383,93993,1,77.1682933,28.5630925
383,93992,2,77.1686167,28.5625323
383,104517,3,77.1685124,28.5631926
384,94518,1,77.2911023,28.6211306
384,100729,2,77.2910356,28.6205366
384,100808,3,77.2913139,28.6206381
385,94530,1,77.2921278,28.6209703
385,100723,2,77.2913576,28.6207047
386,100361,1,77.0092279,28.6623397
386,100362,2,77.0086556,28.6623355
386,94594,3,77.0095816,28.662336
387,99191,1,77.0791178,28.6663539
387,99130,2,77.0810656,28.6660853
387,99123,3,77.0800522,28.663989
388,95279,1,77.1634861,28.5852801
389,95303,1,77.2714628,28.574293
389,98740,2,77.2688917,28.5770463
390,95816,1,77.239162,28.5493833
391,96503,1,77.2259595,28.5831755
391,96498,2,77.2253425,28.5831125
391,96502,3,77.2253569,28.5830361
392,96880,1,77.2420234,28.584367
392,96881,2,77.2420234,28.584367
392,96882,3,77.2419083,28.5845878
393,96987,1,77.2712935,28.6264918
394,97635,1,77.2778216,28.6128373
395,99365,1,77.0233071,28.685119
395,99366,2,77.0232027,28.6851079
395,99364,3,77.0229394,28.6851763
396,100645,1,77.1991006,28.5825585
397,101216,1,77.1585768,28.6852677
397,101217,2,77.1589127,28.6851651
397,118663,3,77.1587785,28.6852445
398,101297,1,77.1601104,28.6841279
399,102598,1,77.1760816,28.6839733
400,104952,1,77.2183469,28.6317167
400,104953,2,77.2176097,28.6313788
400,104954,3,77.2178509,28.6311354
401,105554,1,77.290038,28.5550245
402,106299,1,77.2925602,28.5509412
402,106300,2,77.2925653,28.5506171
402,106301,3,77.2926485,28.5506523
403,108215,1,77.1549631,28.6936758
404,108620,1,77.2332922,28.5279014
405,109660,1,77.229368,28.6112535
405,109659,2,77.228415,28.6116643
405,109661,3,77.2294862,28.611316
406,109589,1,77.2285865,28.6142618
406,109649,2,77.2295888,28.6146698
406,109650,3,77.2295797,28.6145439
407,109990,1,77.1776047,28.7029366
408,110874,1,76.9719353,28.5163119
408,110875,2,76.9721529,28.5162786
409,112600,1,77.1637378,28.5541821
409,112606,2,77.1636736,28.5539302
409,112635,3,77.1637815,28.5541931
410,112685,1,77.252914,28.5487984
411,112750,1,77.031939,28.5385317
412,119883,1,77.251462,28.5485439
412,113033,2,77.251462,28.5485439
412,113034,3,77.2512849,28.5488998
413,119895,1,77.251917,28.5928598
413,112984,2,77.2518061,28.5932132
413,119902,3,77.2519731,28.5932159
414,113060,1,77.2345416,28.5489611
415,113915,1,77.2286182,28.6615613
415,113916,2,77.228471,28.6610287
415,119817,3,77.228711,28.6610187
416,114649,1,77.1238551,28.7118901
417,115704,1,77.1240715,28.7167508
417,115720,2,77.1244666,28.7170202
418,118089,1,77.2207623,28.6339506
418,118091,2,77.2209123,28.6341798
419,118503,1,77.1208086,28.5927762
420,118511,1,77.216424,28.6317195
421,118595,1,77.2121878,28.7141416
421,118597,2,77.2118151,28.7135032
421,118598,3,77.2119046,28.7136614
422,119213,1,77.1297322,28.6045543
422,119211,2,77.129375,28.6047857
422,119214,3,77.1293047,28.6047096
423,119016,1,77.172377,28.6734654
424,119089,1,77.0575502,28.5522113
425,119609,1,77.1202441,28.5930589
425,120000,2,77.119808,28.5932556
426,119723,1,77.2908796,28.6189462
426,119722,2,77.2904408,28.6199351
426,119724,3,77.2897036,28.619073
427,119816,1,77.2270855,28.6616415
428,120708,1,77.250733,28.5926719
429,120713,1,77.2335556,28.5902973
430,121154,1,77.2783283,28.6184101
431,121360,1,77.2851248,28.720291
432,121972,1,77.2960472,28.6305375
432,121992,2,77.2948737,28.629841
433,122022,1,77.3016101,28.6162161
433,122023,2,77.3019747,28.616117
433,122024,3,77.3016101,28.6162161
434,122236,1,77.1263846,28.6040857
434,122237,2,77.1268976,28.6049474
434,122235,3,77.1236224,28.604097
